{
  "test/integration/NavigationJourney-dbg.js": 1614259784374,
  "test/testsuite.qunit.js": 1614259784374,
  "test/unit/controller/Overview.controller.js": 1614259784374,
  "test/integration/pages/View1.js": 1614259784374,
  "test/integration/arrangements/Startup.js": 1614259784374,
  "test/unit/unitTests.qunit.js": 1614259784374,
  "test/unit/AllTests.js": 1614259784374,
  "test/integration/opaTests.qunit.js": 1614259784374,
  "test/integration/NavigationJourney.js": 1614259784374,
  "test/integration/AllJourneys.js": 1614259784374,
  "manifest.json": 1614261238826,
  "test/initMockServer.js": 1614259784374,
  "model/models.js": 1614259784374,
  "model/DataManager.js": 1614259784374,
  "localService/mockserver.js": 1614259784374,
  "controller/Overview.controller.js": 1614259784370,
  "controller/Launchpad.controller.js": 1614259784370,
  "controller/BaseController.js": 1614259784370,
  "controller/App.controller.js": 1614259784370,
  "Component.js": 1614259784370,
  "manifest-bundle.zip": 1614262109315,
  "Component-preload.js": 1614262109638,
  "model/DataManager-dbg.js": 1614259784374,
  "test/integration/pages/View1-dbg.js": 1614259784374,
  "test/integration/arrangements/Startup-dbg.js": 1614259784374,
  "test/unit/unitTests.qunit-dbg.js": 1614259784374,
  "test/unit/AllTests-dbg.js": 1614259784374,
  "test/integration/opaTests.qunit-dbg.js": 1614259784374,
  "i18n/i18n.properties": 1614259784370,
  "test/integration/AllJourneys-dbg.js": 1614259784374,
  "test/testsuite.qunit-dbg.js": 1614259784374,
  "test/initMockServer-dbg.js": 1614259784374,
  "model/models-dbg.js": 1614259784374,
  "test/unit/controller/Overview-dbg.controller.js": 1614259784374,
  "localService/mockserver-dbg.js": 1614259784374,
  "controller/Overview-dbg.controller.js": 1614259784370,
  "controller/Launchpad-dbg.controller.js": 1614259784370,
  "controller/BaseController-dbg.js": 1614259784370,
  "controller/App-dbg.controller.js": 1614259784370,
  "Component-dbg.js": 1614259784370,
  "view/fragment/CreateChargeFromCentral.fragment.xml": 1614259784374,
  "test/unit/unitTests.qunit.html": 1614259784374,
  "test/integration/opaTests.qunit.html": 1614259784374,
  "view/Overview.view.xml": 1614259784374,
  "view/Launchpad.view.xml": 1614259784374,
  "view/App.view.xml": 1614259784374,
  "test/testsuite.qunit.html": 1614259784374,
  "test/mockServer.html": 1614259784374,
  "localService/metadata.xml": 1614259784370,
  "css/style.css": 1614259784370,
  "index.html": 1614259784370
}