{
  "index.html": 1614268466458,
  "model/models.js": 1614259784374,
  "manifest.json": 1614289287734,
  "model/DataManager.js": 1614259784374,
  "controller/Overview.controller.js": 1614259784370,
  "controller/Launchpad.controller.js": 1614259784370,
  "controller/BaseController.js": 1614259784370,
  "controller/App.controller.js": 1614259784370,
  "Component.js": 1614268466458,
  "manifest-bundle.zip": 1614289287743,
  "Component-preload.js": 1614289288037,
  "model/DataManager-dbg.js": 1614259784374,
  "model/models-dbg.js": 1614259784374,
  "controller/Overview-dbg.controller.js": 1614259784370,
  "controller/Launchpad-dbg.controller.js": 1614259784370,
  "controller/BaseController-dbg.js": 1614259784370,
  "controller/App-dbg.controller.js": 1614259784370,
  "Component-dbg.js": 1614268466458,
  "view/fragment/CreateChargeFromCentral.fragment.xml": 1614259784374,
  "view/Overview.view.xml": 1614259784374,
  "view/Launchpad.view.xml": 1614259784374,
  "view/App.view.xml": 1614259784374,
  "css/style.css": 1614259784370,
  "i18n/i18n.properties": 1614259784370
}