{
  "model/models.js": 1614293125860,
  "controller/BaseController.js": 1614698401050,
  "i18n/i18n.properties": 1614871179160,
  "model/DataManager.js": 1614259784374,
  "controller/MaintainCharge.controller.js": 1614873582263,
  "manifest.json": 1614891575733,
  "controller/App.controller.js": 1614698401050,
  "Component.js": 1614725260456,
  "manifest-bundle.zip": 1614891575746,
  "Component-preload.js": 1614891576161,
  "model/DataManager-dbg.js": 1614259784374,
  "model/models-dbg.js": 1614293125860,
  "controller/MaintainCharge-dbg.controller.js": 1614873582263,
  "controller/BaseController-dbg.js": 1614698401050,
  "controller/App-dbg.controller.js": 1614698401050,
  "Component-dbg.js": 1614725260456,
  "view/MaintainCharge.view.xml": 1614787028304,
  "view/App.view.xml": 1614259784374,
  "css/style.css": 1614259784370,
  "index.html": 1614698401058
}